{
  "mae": 0.28068050742149353,
  "rmse": 0.36481537473721326,
  "r2_score": 0.8262068033218384,
  "test_loss": 0.06757383048534393,
  "training_samples": 236,
  "test_samples": 60,
  "features": 